{"dport":{"name":"dport","password":"portspassword","email":"dport@hawaii.edu"},"kazman":{"name":"kazman","password":"kazmanpassword","email":"kazman@hawaii.edu"},"itm352":{"name":"ITM 352","password":"grader","email":"itm352@hawaii.edu"},"newuser":{"username":"newpass1","password":"newpass","email":"newuser@user.com"},"aaa":{"name":"aaa","password":"jghvk","email":"aaa@gmail.com"},"fdbdb":{"name":"fdbdb","password":"gbfgbfgb","email":"gfbfbf@gmail.com"},"asdd":{"name":"asdd","password":"aaa","email":"ddgg@gmail.com"},"dsfsd":{"password":"vsdfsd","email":"dsgd@gmail.com"},"dfsdfd":{"password":"sdfdsgfd","email":"sdgs@gmail.com"},"cvgdvds":{"password":"dsgss","email":"sdfds@gmail.com"},"fgdsfg":{"password":"dfgdfgf","email":"fgsdfs@gmail.com"},"sdfsdf":{"password":"fdsfdsf","email":"fsfsdf@gmail.com"}}